{"cameraMode":{"drawMode":0,"name":"Shaded","section":"Shading Mode"},"sceneLighting":false,"audioPlay":false,"sceneViewState":{"m_AlwaysRefresh":false,"showFog":true,"showSkybox":false,"showFlares":true,"showImageEffects":true,"showParticleSystems":true,"showVisualEffectGraphs":true,"m_FxEnabled":true},"in2DMode":false,"pivot":{"x":0.028800249099731447,"y":-0.4318671226501465,"z":0.02761673927307129},"rotation":{"x":-0.17020487785339356,"y":-0.8265352249145508,"z":0.34344178438186648,"w":-0.41423603892326357},"size":5.8111958503723148,"orthographic":false}