{"cameraMode":{"drawMode":0,"name":"Shaded","section":"Shading Mode"},"sceneLighting":true,"audioPlay":false,"sceneViewState":{"m_AlwaysRefresh":false,"showFog":true,"showSkybox":true,"showFlares":true,"showImageEffects":true,"showParticleSystems":true,"showVisualEffectGraphs":true,"m_FxEnabled":true},"in2DMode":false,"pivot":{"x":159.75701904296876,"y":-5.072925567626953,"z":106.53217315673828},"rotation":{"x":-0.16311593353748322,"y":0.002068942878395319,"z":-0.0003665007243398577,"w":-0.9868401885032654},"size":158.02915954589845,"orthographic":false}