{"cameraMode":{"drawMode":0,"name":"Shaded","section":"Shading Mode"},"sceneLighting":false,"audioPlay":false,"sceneViewState":{"m_AlwaysRefresh":false,"showFog":true,"showSkybox":false,"showFlares":true,"showImageEffects":true,"showParticleSystems":true,"showVisualEffectGraphs":true,"m_FxEnabled":true},"in2DMode":false,"pivot":{"x":-0.03540658950805664,"y":-0.8857816457748413,"z":0.10802507400512696},"rotation":{"x":-0.19294670224189759,"y":-0.14714954793453217,"z":0.02924858033657074,"w":-0.9706463813781738},"size":6.213449954986572,"orthographic":false}